{"cameraMode":{"drawMode":0,"name":"Shaded","section":"Shading Mode"},"sceneLighting":false,"audioPlay":false,"sceneViewState":{"showFog":false,"showMaterialUpdate":false,"showSkybox":false,"showFlares":false,"showImageEffects":false,"showParticleSystems":false},"in2DMode":false,"pivot":{"x":-0.42033910751342776,"y":0.03231620788574219,"z":-0.17870569229125977},"rotation":{"x":-0.0008750067790970206,"y":0.9988983273506165,"z":-0.042287882417440417,"w":-0.020679155364632608},"size":9.120206832885743,"orthographic":false}