{"cameraMode":{"drawMode":0,"name":"Shaded","section":"Shading Mode"},"sceneLighting":false,"audioPlay":false,"sceneViewState":{"showFog":false,"showMaterialUpdate":false,"showSkybox":false,"showFlares":false,"showImageEffects":false,"showParticleSystems":false},"in2DMode":false,"pivot":{"x":0.028020381927490236,"y":2.1391708850860597,"z":0.11564755439758301},"rotation":{"x":-0.0008750067790970206,"y":0.9988983273506165,"z":-0.042287882417440417,"w":-0.020679155364632608},"size":8.779214859008789,"orthographic":false}