{"cameraMode":{"drawMode":0,"name":"Shaded","section":"Shading Mode"},"sceneLighting":true,"audioPlay":false,"sceneViewState":{"showFog":false,"showMaterialUpdate":false,"showSkybox":true,"showFlares":false,"showImageEffects":false,"showParticleSystems":false},"in2DMode":false,"pivot":{"x":12676.181640625,"y":-4194.025390625,"z":9222.4794921875},"rotation":{"x":-0.36246663331985476,"y":-0.07898247987031937,"z":0.030881231650710107,"w":-0.9281660318374634},"size":29514.1171875,"orthographic":false}