{"cameraMode":{"drawMode":0,"name":"Shaded","section":"Shading Mode"},"sceneLighting":false,"audioPlay":false,"sceneViewState":{"showFog":false,"showMaterialUpdate":false,"showSkybox":false,"showFlares":false,"showImageEffects":false,"showParticleSystems":false},"in2DMode":false,"pivot":{"x":2.549537181854248,"y":4.095638275146484,"z":-2.2278175354003908},"rotation":{"x":-0.0008750067790970206,"y":0.9988983273506165,"z":-0.042287882417440417,"w":-0.020679155364632608},"size":26.465351104736329,"orthographic":false}