{"cameraMode":{"drawMode":0,"name":"Shaded","section":"Shading Mode"},"sceneLighting":false,"audioPlay":false,"sceneViewState":{"showFog":false,"showMaterialUpdate":false,"showSkybox":false,"showFlares":false,"showImageEffects":false,"showParticleSystems":false},"in2DMode":false,"pivot":{"x":10.816970825195313,"y":10.752463340759278,"z":7.087589263916016},"rotation":{"x":-0.0008750067790970206,"y":0.9988983273506165,"z":-0.042287882417440417,"w":-0.020679155364632608},"size":45.77033996582031,"orthographic":false}