{"cameraMode":{"drawMode":0,"name":"Shaded","section":"Shading Mode"},"sceneLighting":false,"audioPlay":false,"sceneViewState":{"showFog":false,"showMaterialUpdate":false,"showSkybox":false,"showFlares":false,"showImageEffects":false,"showParticleSystems":false},"in2DMode":false,"pivot":{"x":-1.8953160047531129,"y":9.294218063354493,"z":-1.8370704650878907},"rotation":{"x":-0.0008750067790970206,"y":0.9988983273506165,"z":-0.042287882417440417,"w":-0.020679155364632608},"size":37.60237503051758,"orthographic":false}